389090.314,2266556.083
389160.989,2266464.176
389202.489,2266317.631
389265.195,2266287.866
389364.811,2266283.213
389454.505,2266331.919
389649.371,2266283.213
389841.712,2266169.759
389870.076,2266065.908
389955.166,2265999.578
390040.257,2265886.124
390040.257,2265801.034
390068.62,2265744.307
390275.187,2265742.156
390437.386,2265519.283
390437.48,2265454.719
390465.709,2265391.219
390579.644,2265229.124
390522.436,2265035.22
391301.146,2264658.754
391661.106,2264611.833
391713.702,2264638.131
391897.982,2264524.677
392110.791,2264581.593
392110.791,2264694.858
392195.881,2264779.948
392366.062,2264865.039
392577.963,2264893.402
392850.484,2264808.312
392961.695,2264893.402
393075.149,2264893.402
393165.339,2264808.312
393273.693,2264808.312
393358.784,2264836.675
393519.563,2264817.753
393598.432,2264723.222
393630.543,2264723.222
393699.146,2264836.675
393840.963,2264865.039
394185.487,2264850.655
394341.761,2264866.03
394408.233,2264921.766
394662.884,2264978.493
395125.932,2264963.048
395205.677,2265035.22
395514.408,2265091.947
395580.99,2265094.885
395656.226,2265063.583
395745.032,2265063.583
395798.043,2265110.76
395799.694,2265184.599
395712.953,2265262.128
395599.499,2265318.855
395656.226,2265489.036
395816.469,2265489.036
396110.041,2265205.401
396279.664,2265283.088
396435.88,2265153.314
396581.117,2265148.674
396696.579,2265205.401
396784.846,2265205.401
396875.855,2265091.947
397090.299,2265144.041
397099.701,2265262.128
397226.073,2265327.495
397386.398,2265356.823
397414.762,2265462.657
397599.765,2265574.126
397953.668,2265602.489
398095.485,2265715.943
398180.575,2265659.216
398245.233,2265700.889
398284.169,2265813.369
398350.756,2265857.761
398492.574,2265829.397
398730.775,2265704.65
398776.209,2265659.216
399036.455,2265659.216
399142.289,2265630.853
399346.086,2265687.58
399695.269,2265545.762
399768.93,2265545.762
399822.269,2265630.853
400080.929,2265574.126
400272.062,2265630.853
400307.837,2265690.199
400279.473,2265761.637
400364.563,2265864.824
400392.927,2265942.851
400478.017,2265971.215
400534.744,2266145.283
400648.198,2266169.759
400563.108,2266425.03
400506.381,2266453.394
400506.381,2266481.757
400552.521,2266538.484
400616.021,2266538.484
400563.108,2266651.938
400563.108,2266765.392
400619.835,2266907.21
400706.183,2266936.831
400733.289,2267105.754
400790.016,2267214.202
400773.903,2267341.049
400818.379,2267417.752
400875.313,2267389.389
401026.126,2267446.116
401073.65,2267474.479
401130.377,2267544.932
401130.377,2267616.37
401158.741,2267673.023
401385.649,2267730.141
401423.313,2267776.946
401499.103,2267786.477
401555.83,2267758.114
401697.647,2267758.114
401726.01,2267843.204
401782.737,2267843.204
401850.769,2267735.651
402497.667,2268050.931
402718.732,2268240.293
402908.717,2268303.651
403418.637,2268769.113
403497.958,2268880.981
403595.443,2268948.642
403885.135,2269076.518
404189.765,2269180.095
404356.774,2269308.526
404675.549,2269635.213
405080.678,2269933.438
405129.628,2270594.462
405214.719,2271417.003
405016.174,2271417.003
404931.084,2271445.366
404822.116,2271680.903
405275.076,2272372.713
406072.981,2272865.773
406679.391,2272995.807
406974.487,2273163.04
407264.319,2273294.843
407553.41,2273600.991
407653.978,2273630.361
407653.978,2273686.081
408306.338,2274180.034
408306.338,2274310.078
408363.065,2274366.805
408448.155,2274707.167
408448.155,2274820.621
408504.882,2274905.711
408731.79,2274905.711
408816.881,2274877.347
408873.608,2274763.894
409015.425,2274593.713
409100.515,2274536.986
409100.515,2274345.399
409157.242,2274281.714
409213.969,2274139.897
409270.696,2274083.17
409299.06,2274026.443
409497.604,2274026.443
409525.968,2274139.897
409654.867,2274224.987
409696.148,2274281.714
409696.148,2274395.168
409724.512,2274480.259
409696.148,2274536.986
409667.785,2274536.986
409667.785,2274622.076
409999.964,2274603.373
410008.147,2274707.167
410320.145,2274622.076
410461.962,2274735.53
410575.416,2274990.801
410575.416,2275104.255
411325.036,2275547.887
411889.139,2275926.798
412292.732,2276232.89
413014.676,2276701.566
413298.31,2276919.518
413633.738,2277140.317
413800.874,2277379.516
414019.424,2278043.96
414234.305,2278252.602
414307.284,2278366.056
415312.118,2278519.719
415476.367,2278347.641
415877.067,2278252.602
416356.162,2278309.862
416793.101,2278523.393
417176.915,2278887.92
417269.198,2279188.773
417496.106,2279449.388
417467.742,2279614.049
417914.97,2279867.686
417970.717,2280339.884
418176.829,2280550.044
418437.438,2280663.497
418717.933,2280925.896
419180.314,2281027.41
419339.732,2281032.223
419806.66,2280862.042
419878.638,2280805.315
419850.274,2280347.816
420072.071,2280209.682
420217.592,2280238.045
420271.237,2280167.81
420568.165,2280209.682
420656.801,2280408.226
420712.364,2280408.226
420787.77,2280464.953
420933.291,2280408.226
421107.916,2280379.863
421339.427,2280505.243
421495.356,2280493.317
422062.626,2280635.134
422090.989,2280578.407
421892.445,2280443.729
421864.081,2280351.499
421864.081,2280304.795
421955.76,2280189.648
422054.998,2280238.045
422147.716,2280238.045
422184.239,2280152.955
422370.023,2280096.228
422488.078,2280124.591
422629.895,2280011.137
422874.063,2280039.501
424799.757,2280096.228
425870.843,2280096.228
426029.163,2280124.591
426232.057,2280124.591
426802.994,2279792.677
426912.781,2279670.776
426969.508,2279699.139
427093.787,2279802.37
427238.837,2280055.66
427224.779,2280720.224
427394.96,2281086.704
427652.755,2281315.857
427523.867,2281672.935
427560.671,2281703.023
427706.958,2281712.946
427820.412,2281656.219
428101.29,2281414.305
428245.864,2281349.225
429068.405,2280795.585
429068.405,2280681.867
429031.917,2280390.409
429068.405,2280039.501
429193.456,2279869.32
429281.835,2279578.012
429554.844,2279114.227
429753.102,2278911.707
430032.764,2278763.144
430061.82,2278495.875
430288.035,2278536.236
430344.762,2278366.056
430655.546,2278184.724
430815.345,2278224.238
431025.486,2278499.05
431734.03,2278483.991
432122.506,2278432.709
433333.62,2277802.409
433823.523,2277355.442
433946.924,2277313.069
435085.958,2277212.24
436232.638,2277741.199
437195.852,2278826.521
437582.625,2278944.096
441168.01,2277835.776
442659.131,2277646.341
445116.648,2278177.743
446442.122,2278722.095
447199.954,2278891.858
448958.484,2278668.631
450358.609,2277667.592
450484.442,2277634.333
451906.464,2276740.244
452925.904,2276040.855
454258.759,2275462.874
454912.223,2274950.959
455923.093,2274478.598
458840.438,2273869.992
460554.49,2273786.147
462423.206,2274778.98
464096.044,2272896.896
468705.553,2268295.278
474748.184,2266741.09
480386.61,2268763.814
480795.893,2261533.862
481537.478,2254867.377
480792.967,2251349.163
473462.878,2244177.607
455207.033,2231837.336
449990.871,2226440.133
438376.54,2206723.827
427349.879,2202270.236
402211.237,2194221.579
376730.528,2187004.615
356327.181,2178794.984
335863.468,2169042.694
316734.491,2157774.573
306888.3,2150477.123
301737.159,2145325.982
300317.684,2146737.844
295264.51,2153173.716
294640.43,2154530.411
293962.082,2154910.286
293663.609,2158532.662
294206.287,2159075.341
294738.963,2159804.874
294738.963,2159835.072
294761.012,2159835.072
294823.141,2159920.162
294767.327,2159920.162
294767.327,2160003.373
294326.713,2160515.795
294200.057,2160515.795
294200.057,2160487.432
294171.693,2160487.432
294171.693,2160459.068
294143.33,2160459.068
294143.33,2160430.705
294114.967,2160430.705
294114.967,2160402.341
294086.603,2160402.341
294086.603,2160373.978
294029.876,2160373.978
294029.876,2160345.614
293944.786,2160345.614
293944.786,2160373.978
293888.059,2160373.978
293888.059,2160402.341
293831.332,2160402.341
293831.332,2160430.705
293774.605,2160430.705
293774.605,2160487.432
293746.241,2160487.432
293746.241,2160515.795
293774.605,2160515.795
293774.605,2160714.34
293746.241,2160714.34
293746.241,2160827.793
293717.878,2160827.793
293717.878,2161139.792
293689.514,2161139.792
293689.514,2161256.84
293150.608,2161877.242
293150.608,2161905.606
293122.245,2161905.606
293122.245,2161933.969
293065.518,2161933.969
293065.518,2161962.333
293037.154,2161962.333
293037.154,2162019.06
293008.791,2162019.06
293008.791,2162047.423
292980.427,2162047.423
292980.427,2162075.787
292952.064,2162075.787
292952.064,2162104.15
292866.973,2162104.15
292866.973,2162132.514
292810.246,2162132.514
292810.246,2162160.877
292753.519,2162160.877
292753.519,2162189.241
292725.156,2162189.241
292725.156,2162217.604
292668.429,2162217.604
292668.429,2162245.967
292640.066,2162245.967
292640.065,2162274.331
292583.339,2162274.331
292583.339,2162302.694
292554.975,2162302.694
292554.975,2162387.785
292526.612,2162387.785
292526.612,2162416.148
292611.702,2162416.148
292611.702,2162444.512
292583.339,2162444.512
292583.338,2162501.239
292554.975,2162501.239
292554.975,2162529.602
292526.612,2162529.602
292526.612,2162557.966
292498.248,2162557.966
292498.248,2162586.329
292413.158,2162586.329
292413.158,2162671.42
292384.794,2162671.42
292384.794,2162699.783
292356.431,2162699.783
292356.431,2162784.874
292328.067,2162784.874
292328.067,2162841.601
292384.794,2162841.601
292384.794,2162926.691
292413.158,2162926.691
292413.158,2162955.054
292441.521,2162955.054
292441.521,2162983.418
292554.975,2162983.418
292554.975,2163011.781
292781.883,2163011.781
292781.883,2163040.145
292810.246,2163040.145
292810.246,2163153.599
292838.61,2163153.599
292838.61,2163181.962
292866.973,2163181.962
292866.973,2163238.689
292895.337,2163238.689
292895.337,2163295.416
292923.7,2163295.416
292923.7,2163352.143
293008.791,2163352.143
293008.791,2163380.507
293122.245,2163380.507
293122.245,2163408.87
293207.335,2163408.87
293207.335,2163437.234
293349.153,2163437.234
293349.153,2163465.597
293377.516,2163465.597
293377.516,2163437.234
293462.606,2163437.234
293462.606,2163408.87
293632.787,2163408.87
293632.787,2163437.234
293774.605,2163437.234
293774.605,2163493.961
294001.513,2163493.961
294001.513,2163468.284
295088.139,2163850.908
294545.461,2164990.532
294107.034,2165053.952
294001.513,2165053.952
294001.513,2165069.216
292981.15,2165216.815
291883.026,2166987.682
292349.553,2168797.931
292242.977,2168797.931
292242.977,2168769.568
292214.613,2168769.568
292214.613,2168797.931
292186.25,2168797.931
292186.25,2168826.295
292157.886,2168826.295
292157.886,2168883.022
292129.523,2168883.022
292129.523,2168911.385
292101.159,2168911.385
292101.159,2168968.112
292129.523,2168968.112
292129.523,2169053.203
292101.159,2169053.203
292101.159,2169109.93
292072.796,2169109.93
292072.796,2169166.657
292101.159,2169166.657
292101.159,2169223.384
292072.796,2169223.384
292072.796,2169251.747
292044.432,2169251.747
292044.432,2169308.474
292072.796,2169308.474
292072.796,2169336.838
292101.159,2169336.837
292101.159,2169365.201
292129.523,2169365.201
292129.523,2169393.565
292157.886,2169393.565
292157.886,2169421.928
292186.25,2169421.928
292186.25,2169478.655
292214.613,2169478.655
292214.613,2169535.382
292242.977,2169535.382
292242.977,2169563.745
292271.34,2169563.745
292271.34,2169592.109
292299.704,2169592.109
292299.704,2169620.472
292328.067,2169620.472
292328.067,2169648.836
292384.794,2169648.836
292384.794,2169677.199
292469.885,2169677.199
292469.885,2169733.926
292498.248,2169733.926
292498.248,2169762.29
292526.612,2169762.29
292526.612,2169790.653
292554.975,2169790.653
292554.975,2169847.38
292583.339,2169847.38
292583.339,2169875.744
292611.702,2169875.744
292611.702,2169932.471
292640.065,2169932.471
292640.066,2169989.198
292668.429,2169989.198
292668.429,2170074.288
292684.024,2170074.288
292753.519,2170215.228
292753.519,2170272.832
292725.156,2170272.832
292725.156,2170386.286
292696.793,2170386.286
292696.793,2170414.65
292668.429,2170414.65
292668.429,2170471.377
292611.702,2170471.377
292611.702,2170499.74
292583.338,2170499.74
292583.339,2170584.831
292696.793,2170584.831
292696.793,2170641.558
292668.429,2170641.558
292668.429,2170669.921
292611.702,2170669.921
292611.702,2170811.739
292583.339,2170811.739
292583.339,2170840.102
292469.885,2170840.102
292469.885,2170896.829
292498.248,2170896.829
292498.248,2170925.192
292526.612,2170925.192
292526.612,2170981.919
292554.975,2170981.919
292554.975,2171010.283
292583.339,2171010.283
292583.339,2171067.01
292810.246,2171067.01
292810.246,2171038.646
292952.064,2171038.646
292952.064,2171123.737
292980.427,2171123.737
292980.427,2171180.464
293037.154,2171180.464
293037.154,2171208.827
293065.518,2171208.827
293065.518,2171237.191
293093.881,2171237.191
293093.881,2171265.554
293122.245,2171265.554
293122.245,2171293.918
293178.972,2171293.918
293178.972,2171322.281
293235.699,2171322.281
293235.699,2171379.008
293264.062,2171379.008
293264.062,2171407.372
293292.426,2171407.372
293292.426,2171492.462
293349.153,2171492.462
293349.153,2171520.826
293397.29,2171520.826
293462.606,2171653.291
293462.606,2171776.097
293434.243,2171776.097
293434.243,2171832.824
293547.697,2171832.824
293547.697,2171861.187
293565.117,2171861.187
294559.028,2173876.886
294526.866,2174470.627
294483.692,2174470.627
294483.692,2174498.991
294398.601,2174498.991
294398.601,2174527.354
294370.238,2174527.354
294370.238,2174584.081
294398.601,2174584.081
294398.601,2174839.353
294426.965,2174839.353
294426.965,2174896.08
294398.601,2174896.08
294398.601,2174924.443
294370.238,2174924.443
294370.238,2174952.807
294341.874,2174952.807
294341.874,2174924.443
294228.42,2174924.443
294228.42,2174952.807
294171.693,2174952.807
294171.693,2175094.624
294200.057,2175094.624
294200.057,2175179.714
294114.967,2175179.714
294114.967,2175236.441
294086.603,2175236.441
294086.603,2175293.168
294114.967,2175293.168
294114.967,2175434.986
294143.33,2175434.986
294143.33,2175520.076
294171.693,2175520.076
294171.693,2175548.44
294200.057,2175548.44
294200.057,2175576.803
294228.42,2175576.803
294228.42,2175520.076
294313.511,2175520.076
294313.511,2175548.44
294370.238,2175548.44
294370.238,2175576.803
294398.601,2175576.803
294398.601,2175633.53
294426.965,2175633.53
294426.965,2175661.894
294455.328,2175661.894
294382.44,2177136.795
294370.238,2177136.795
294370.238,2177420.429
294341.874,2177420.429
294341.874,2177675.701
294353.248,2177675.701
295142.407,2179642.841
296469.135,2180410.443
296469.135,2180426.958
296497.499,2180426.958
296497.499,2180483.685
296525.862,2180483.685
296525.862,2180540.412
296582.589,2180540.412
296582.589,2180597.139
296610.953,2180597.139
296610.953,2180625.503
296639.316,2180625.503
296639.316,2180682.23
296696.043,2180682.23
296696.043,2180738.957
296712.169,2180738.957
297489.49,2181813.554
297660.402,2181895.658
297660.402,2181930.223
297688.765,2181930.223
297688.765,2182128.767
297717.129,2182128.767
297717.129,2182157.131
297887.309,2182157.131
297887.309,2182185.494
298057.49,2182185.494
298057.49,2182157.131
298114.217,2182157.131
298114.217,2182185.494
298256.035,2182185.494
298256.035,2182213.858
298312.762,2182213.858
298312.762,2182525.856
298341.125,2182525.856
298341.125,2182582.583
298369.489,2182582.583
298369.489,2182610.946
298397.852,2182610.946
298397.852,2182809.491
298426.216,2182809.491
298426.216,2182837.854
298454.579,2182837.854
298454.579,2182894.581
298511.306,2182894.581
298511.306,2182922.944
298568.033,2182922.944
298568.033,2182951.308
298596.396,2182951.308
298596.396,2182922.944
298624.76,2182922.945
298624.76,2182894.581
298653.123,2182894.581
298653.123,2182866.218
298681.487,2182866.218
298681.487,2183008.035
298653.123,2183008.035
298653.123,2183093.125
298681.487,2183093.125
298681.487,2183121.489
299192.029,2183121.489
299192.029,2183149.852
299220.393,2183149.852
299220.393,2183178.216
299277.12,2183178.216
299277.12,2183206.579
299305.483,2183206.579
299305.483,2183234.943
299333.847,2183234.943
299333.847,2183263.306
299362.21,2183263.306
299362.21,2183291.67
299390.574,2183291.67
299390.574,2183320.033
299418.937,2183320.033
299418.937,2183348.397
299447.301,2183348.397
299447.301,2183461.851
299475.664,2183461.851
299475.664,2183546.941
299504.028,2183546.941
299504.028,2183575.305
299532.391,2183575.305
299532.391,2183546.941
299645.845,2183546.941
299645.845,2183518.578
299986.207,2183518.578
299986.207,2183490.214
300099.661,2183490.214
300099.661,2183518.578
300128.024,2183518.578
300128.024,2183546.941
300184.751,2183546.941
300184.751,2183575.305
300213.115,2183575.305
300213.115,2183603.668
300326.569,2183603.668
300326.569,2183632.032
300383.296,2183632.032
300383.296,2183717.122
300354.932,2183717.122
300354.932,2183802.212
300326.569,2183802.212
300326.569,2183915.666
300298.205,2183915.666
300298.205,2183944.03
300269.842,2183944.03
300269.842,2184000.757
300241.478,2184000.757
300241.478,2184199.301
300269.842,2184199.301
300269.842,2184227.665
300241.478,2184227.665
300241.478,2184256.028
300213.115,2184256.028
300213.115,2184454.572
300241.478,2184454.573
300241.478,2184482.936
300269.842,2184482.936
300269.842,2184511.299
300298.205,2184511.299
300298.205,2184539.663
300326.569,2184539.663
300326.569,2184653.117
300354.932,2184653.117
300354.932,2184709.844
300440.023,2184709.844
300440.023,2184965.115
300468.386,2184965.115
300468.386,2184993.479
300695.294,2184993.479
300695.294,2185050.206
300666.93,2185050.206
300666.93,2185106.933
300638.567,2185106.933
300638.567,2185192.023
300610.204,2185192.023
300610.203,2185305.477
300581.84,2185305.477
300581.84,2185362.204
300553.477,2185362.204
300553.476,2185504.021
300610.203,2185504.021
300610.204,2185532.385
300666.93,2185532.385
300666.93,2185589.112
300723.657,2185589.112
300723.657,2185617.475
300808.748,2185617.475
300808.748,2185645.839
300865.475,2185645.839
300865.475,2185674.202
300893.838,2185674.202
300893.838,2185702.566
300950.565,2185702.566
300936.191,2186071.291
300922.202,2186071.291
300922.202,2186093.453
300849.369,2186128.018
300808.748,2186128.018
300808.748,2186147.296
300789.603,2186156.381
300695.294,2186156.381
300695.294,2186201.138
300135.046,2186467.019
298615.547,2188298.557
298140.704,2189723.087
301349.703,2195913.419
301516.624,2196282.144
302674.144,2197655.001
303645.096,2197930.858
303645.096,2197955.589
303673.459,2197955.589
303673.459,2197983.953
303701.823,2197983.952
303248.007,2198381.041
303134.553,2198551.222
303446.552,2198607.949
304013.821,2199033.401
304013.821,2199061.765
304410.91,2199146.855
304410.91,2199323.364
304666.181,2199373.763
304722.908,2199685.761
305091.633,2199855.942
305375.268,2199373.763
305715.63,2199373.763
305857.447,2199201.011
307211.498,2198872.894
308871.412,2200588.246
308920.703,2202011.567
308920.703,2202068.294
308892.34,2202068.294
308953.565,2202326.787
310635.868,2202326.787
311983.959,2202602.022
312352.684,2202777.381
312842.858,2202777.381
313891.936,2202991.567
313997.766,2203324.56
313927.954,2203503.939
313997.766,2203713.376
314229.509,2204053.737
314763.58,2205734.187
314763.58,2205783.91
314779.383,2205783.91
314887.554,2206124.271
314706.853,2206294.452
314054.493,2206294.452
313884.312,2206606.451
313884.312,2206870.829
313799.222,2207031.903
313430.497,2207003.539
313288.679,2207031.903
313175.225,2207612.517
312863.227,2208013.87
312721.409,2208052.988
312664.682,2208436.217
312125.776,2208506.804
311785.415,2208818.802
311757.051,2209282.622
311541.688,2209499.526
311386.412,2209585.365
309861.853,2210180.249
309743.244,2210180.249
309459.609,2210605.701
309941.788,2211087.88
310253.787,2211484.969
310211.025,2211626.787
310679.239,2211711.877
310735.966,2211570.06
310821.056,2211585.842
311076.328,2211711.877
311262.716,2211853.694
311331.599,2211853.694
311672.769,2211626.787
312012.322,2211783.62
312097.413,2212007.732
312269.411,2212165.693
312369.596,2212449.327
312494.502,2212520.669
312648.213,2212562.781
312749.773,2212676.235
313175.225,2212662.874
313314.385,2212704.599
313402.133,2212813.35
313579.628,2212789.689
314098.487,2212959.87
314281.401,2213101.688
314366.491,2213243.505
314621.763,2213470.413
314678.49,2213980.955
314394.855,2213980.955
314224.674,2214264.59
314093.277,2214292.954
314082.857,2214378.044
314650.126,2214690.042
314479.945,2214945.314
314451.582,2215528.271
314536.672,2215588.76
314536.672,2215626.037
314366.491,2215654.401
314281.401,2215767.855
314139.584,2215796.218
314111.22,2215966.399
314026.13,2216023.126
314038.839,2216306.761
313884.312,2216522.001
313685.768,2216562.032
313611.989,2216703.85
313216.738,2216802.065
313061.771,2217214.392
312494.502,2217242.756
312494.502,2217299.483
312693.046,2217342.664
312727.439,2217498.027
312855.721,2217535.081
312849.928,2217753.298
313005.376,2217866.752
313260.316,2217895.116
313345.406,2218150.387
313415.545,2218263.841
313586.067,2218377.295
313657.404,2218292.204
313941.039,2218273.154
313941.039,2218178.75
314125.162,2218374.61
314253.037,2218462.385
314338.128,2218604.203
314536.672,2218689.293
314536.672,2218831.111
314366.491,2218831.111
314362.197,2219086.382
314423.218,2219199.836
314650.126,2219284.926
314670.549,2219370.017
314877.034,2219370.017
314956.07,2219540.198
315302.486,2219625.288
315302.486,2219823.832
315456.696,2219880.559
315472.667,2219932.443
315274.123,2220050.74
315274.123,2220233.237
315387.577,2220348.259
315444.304,2220584.138
315472.667,2220901.645
315359.213,2220901.645
315302.486,2221156.916
315529.394,2221270.37
315517.065,2221327.097
315557.757,2221375.29
315557.758,2221610.732
315330.85,2221667.459
315330.85,2221711.059
315415.94,2221780.912
315415.94,2221894.366
315330.85,2221951.093
315415.94,2222121.274
315302.486,2222291.455
315018.851,2222291.455
315018.851,2222631.817
315075.578,2222686.107
315103.942,2223085.633
314848.671,2223312.54
314423.218,2223369.267
314423.218,2223482.721
314621.763,2223681.266
314905.397,2223794.72
314962.124,2223908.174
315177.886,2224078.354
315359.213,2224106.718
315387.577,2224202.847
315330.85,2224276.899
315330.85,2224378.575
315557.758,2224560.534
315614.485,2224702.351
315630.247,2224912.086
315740.723,2224971.515
316311.557,2225496.528
316550.479,2225553.255
316777.387,2225553.255
316805.751,2225241.257
317032.658,2225225.694
317089.385,2224702.351
317258.707,2224715.954
317259.566,2224333.626
317373.02,2224135.853
317361.907,2223908.174
317656.655,2223908.174
317940.29,2223709.629
317955.419,2223624.539
318365.742,2223624.539
318507.559,2223451.501
318535.923,2223284.177
318706.104,2223085.633
319343.241,2223085.633
319386.827,2222915.452
319639.127,2223011.82
319812.28,2223028.906
319978.374,2223255.813
320194.742,2223253.359
320477.815,2223482.721
320521.367,2224021.627
320493.003,2224220.172
320294.459,2224248.535
320242.833,2224403.412
320436.276,2224673.987
320578.094,2224702.351
320606.457,2224787.441
321202.09,2224787.441
321258.817,2224560.534
321315.544,2224503.807
321457.361,2224532.17
321603.049,2224418.716
321833.582,2224503.807
322308.266,2224503.807
322563.537,2224617.261
322535.174,2224872.532
322705.355,2224957.622
322733.718,2225156.167
322847.172,2225156.167
322960.626,2225241.257
322932.262,2225468.165
323074.08,2225496.528
323171.251,2225695.073
323442.805,2225695.073
323626.081,2225865.254
323754.803,2225865.254
323839.894,2226092.161
323953.348,2226120.525
323953.348,2226305.302
324378.8,2226478.205
324548.981,2226460.887
324690.798,2226545.977
324874.113,2226517.614
324962.649,2226404.16
325742.43,2226716.158
326052.245,2226772.885
326732.969,2227084.883
326988.24,2227156.23
327073.33,2227269.269
327228.867,2227255.064
327498.783,2227368.518
327540.375,2227481.972
327782.418,2227567.062
327782.417,2227604.152
327583.873,2227623.789
327470.419,2227765.607
327470.419,2227907.424
327612.237,2227935.788
327668.964,2228105.969
327839.145,2228162.696
327839.144,2228247.786
327770.449,2228290.754
327725.691,2228474.694
327498.783,2228559.784
327470.419,2228786.692
327572.6,2228815.056
328037.689,2228801.923
328037.689,2229023.446
328179.506,2229173.067
328151.143,2229353.962
328519.868,2229495.779
328775.139,2229495.779
328816.669,2229580.87
329143.865,2229580.87
329143.865,2229703.33
329100.459,2229751.05
329087.138,2229949.595
329731.498,2230067.018
330675.492,2229921.231
330750.282,2230148.139
330817.31,2230204.866
331015.854,2230204.866
331242.762,2230091.412
331526.397,2230091.412
331518.293,2230289.957
331498.033,2230336.557
331511.34,2230573.591
331554.76,2230828.863
331622.596,2230942.317
331696.578,2230987.449
331738.204,2231140.861
331951.849,2231112.497
332152.742,2231055.771
332263.847,2231084.134
332348.938,2230999.044
332434.028,2230999.044
332604.209,2231169.224
332731.821,2231367.769
332831.117,2231452.859
332859.481,2231566.313
332859.48,2231636.284
332788.122,2231679.767
332788.921,2231778.585
332819.406,2231878.311
332717.663,2231906.675
332717.663,2232275.4
332784.701,2232332.127
332746.027,2232473.944
332944.571,2232585.127
332944.571,2232729.216
333029.661,2232899.397
333114.752,2232914.004
333171.479,2233069.578
333256.569,2233069.578
333284.933,2232899.397
333370.023,2232899.397
333455.114,2233012.851
333511.841,2233012.851
333569.055,2232899.397
333625.294,2232899.397
333787.956,2232956.124
333893.335,2232956.124
333980.511,2232814.306
334164.201,2232814.306
334192.564,2232842.67
334192.564,2232757.579
334107.474,2232672.489
334249.291,2232454.425
334277.654,2232334.471
334334.381,2232202.915
334334.381,2232105.219
334220.927,2231905.9
334220.928,2231821.584
334391.108,2231708.131
334447.835,2231537.95
334788.197,2231566.313
334816.561,2231481.223
335015.105,2231481.223
335075.32,2231381.521
335355.467,2231424.496
335355.467,2231311.042
335724.192,2231282.678
335752.556,2231367.769
335875.798,2231421.238
336178.008,2231481.223
336223.916,2231406.002
336348.189,2231367.769
336403.264,2231325.554
336457.1,2231197.588
336744.89,2231140.861
336943.822,2231169.224
337083.092,2231282.678
337170.729,2231225.951
337170.729,2231101.907
337312.547,2230942.317
337397.637,2230942.317
337516.913,2230999.044
337681.272,2230970.68
337754.544,2230857.226
337837.464,2230885.59
337894.864,2230942.317
337952.802,2230942.317
338163.451,2230800.499
338163.451,2230573.591
337993.27,2230346.684
337794.726,2230253.294
338106.724,2229836.141
338195.552,2229977.958
338248.542,2230034.685
338503.813,2230063.049
338673.994,2230073.808
339042.719,2229921.231
339139.941,2229798.129
339110.034,2229701.482
339184.537,2229467.416
339134.03,2229366.403
339212.9,2229127.054
339496.535,2229013.6
339411.444,2228577.401
339439.505,2228531.421
339836.897,2228572.32
339978.714,2228786.692
340120.531,2228729.965
340290.712,2228474.694
340602.711,2228503.057
340690.912,2228361.24
340886.345,2228361.24
341203.853,2228077.605
341504.749,2228077.605
341715.518,2227907.424
341935.794,2227907.424
342134.339,2228049.242
342162.702,2228219.422
342389.61,2228191.059
342651.365,2228389.603
342729.972,2228389.603
342871.789,2228134.332
343070.333,2228020.878
343070.333,2227879.061
343495.786,2227822.334
343605.202,2227737.243
343864.511,2227708.88
344034.692,2227850.697
344063.055,2227850.697
344063.055,2227879.061
344289.963,2227793.97
344261.6,2227538.699
344460.144,2227396.882
344709.022,2227481.972
344970.687,2227169.974
345140.867,2227141.61
345169.231,2227226.701
345282.685,2227340.155
345254.321,2227538.699
345351.768,2227737.243
345566.32,2227680.516
345736.501,2227538.699
345821.591,2227708.88
346020.135,2227652.153
346190.316,2227623.789
346344.261,2227737.243
346587.405,2227623.789
346842.676,2227481.002
346842.676,2227255.064
346978.306,2227005.805
347069.584,2226886.339
347069.584,2226659.431
347145.599,2226519.107
347636.854,2226574.341
347721.944,2226716.158
347824.861,2226753.392
347835.398,2226659.431
347721.944,2226445.976
347721.944,2226404.16
348159.106,2226347.433
348301.34,2226345.329
348289.214,2226262.342
348005.579,2226007.071
347977.215,2225722.806
347693.581,2225701.438
347750.308,2225326.348
347775.835,2225326.348
348005.579,2225071.076
347948.852,2225014.349
347977.215,2224900.895
348374.304,2224872.532
348884.847,2224617.261
348969.937,2224617.261
349115.69,2224787.441
349225.209,2224787.441
349253.572,2225014.349
349480.48,2225127.803
349679.024,2225127.803
349707.388,2224900.895
349820.842,2224900.895
349849.205,2224815.805
349792.478,2224645.624
350199.782,2224506.366
350189.567,2224674.97
350615.267,2224759.078
350927.017,2224702.351
350841.927,2224844.168
350927.017,2225042.713
351182.289,2225156.167
351040.471,2225892.213
351068.835,2226177.252
351437.56,2226177.252
351465.923,2226235.47
351352.47,2226460.887
351125.562,2226716.158
350955.381,2226716.158
350841.927,2226857.975
350610.082,2226943.066
350161.203,2226971.429
350161.203,2227056.52
350217.93,2227283.428
350444.838,2227311.791
350529.929,2227455.272
350643.383,2227538.699
350643.383,2227708.88
350529.929,2227737.243
350529.929,2227822.334
350643.383,2227879.061
350671.746,2227992.515
350898.654,2228304.513
351234.67,2228304.513
351522.651,2228361.24
351721.195,2228332.876
351721.195,2228956.873
351976.466,2229098.69
352600.463,2229183.781
352401.918,2229410.689
352401.918,2229465.146
352316.828,2229495.779
352231.738,2229609.233
352260.101,2229718.012
352175.01,2229807.777
352033.193,2229864.504
351607.741,2230148.139
351579.377,2230431.774
351437.56,2230431.774
351380.833,2230658.682
351239.016,2230687.045
351153.925,2230885.59
351040.471,2230942.317
351040.471,2231085.783
351153.925,2231197.588
351380.833,2231169.224
351409.196,2231282.678
351380.833,2231452.859
351494.287,2231537.95
351494.287,2231623.04
351403.097,2231623.04
351409.196,2231793.221
351551.014,2231764.858
351834.649,2232066.909
351891.376,2232218.673
351919.739,2232388.854
352004.83,2232388.854
352004.83,2232473.945
352039.236,2232584.146
352146.647,2232700.852
352146.647,2232899.397
352089.92,2232999.506
352260.101,2233097.941
352286.115,2233296.485
352430.282,2233353.212
352458.645,2233592.09
352515.372,2233750.301
352345.191,2233891.481
352458.645,2233977.209
352487.009,2234289.207
352345.191,2234317.571
352487.009,2234743.023
352401.918,2234969.931
352543.736,2234998.294
352572.099,2234856.477
352611.491,2234828.113
352713.917,2234941.567
352713.917,2235225.202
352628.826,2235253.566
352628.826,2235281.929
352628.826,2235394.103
352713.917,2235537.2
352859.674,2235537.2
352949.038,2235679.018
353113.506,2235704.11
353111.005,2235820.835
353139.369,2235962.653
353279.855,2236076.107
353508.094,2236161.197
353508.094,2236076.107
353593.185,2236047.743
353735.002,2236161.197
353791.729,2236586.649
353876.819,2236643.376
354415.725,2236671.74
354529.179,2236813.557
354686.049,2236841.92
354727.724,2236841.92
354926.268,2236728.467
355011.359,2236756.83
355068.086,2236898.647
355238.266,2236927.011
355238.266,2236955.374
355096.449,2237068.828
355153.176,2237125.555
355238.266,2237125.555
355266.63,2237350.19
355410.547,2237494.281
355521.901,2237579.371
355602.422,2237707.914
355748.809,2237806.279
355777.173,2237777.915
355918.99,2237777.915
356004.08,2237948.096
355947.353,2238020.468
356004.08,2238089.914
356166.741,2238146.641
356230.988,2238222.676
356429.532,2238240.7
356628.077,2238295.632
356735.734,2238430.275
356854.985,2238401.912
357022.458,2238487.002
357223.71,2238458.639
357308.8,2238572.093
357478.981,2238515.366
357564.072,2238543.729
357564.072,2238657.183
357393.891,2238884.091
357422.254,2239139.362
357677.526,2239224.453
357649.162,2239422.997
357790.98,2239479.724
358074.614,2239536.451
358130.651,2239479.724
358358.249,2239536.451
358301.522,2239933.54
358244.795,2240150.655
358159.705,2240222.284
358159.705,2240387.356
358244.795,2240502.535
358159.705,2240642.627
358188.068,2240897.898
358301.522,2241011.352
358358.249,2241238.26
358301.522,2241550.258
358471.703,2241692.076
358698.611,2241748.803
358783.701,2241917.928
358868.792,2242032.437
358812.065,2242401.163
359152.427,2242769.888
359436.061,2242883.342
359436.061,2243081.886
359237.517,2243365.521
359209.154,2243705.883
359322.608,2243904.427
359350.971,2244430.539
359492.788,2244613.514
359492.788,2244812.058
359407.698,2244892.735
359492.788,2245180.784
359549.515,2245265.874
359209.154,2245379.328
358812.065,2245662.963
358473.763,2246031.688
358081.764,2246286.959
357847.707,2246627.321
357592.435,2246684.048
357393.891,2246570.594
357195.346,2246286.959
357195.346,2246060.052
357127.755,2246031.688
356996.802,2246145.142
356800.855,2246188.327
356599.713,2246258.596
356429.532,2246230.232
356287.715,2246315.323
356429.532,2246428.777
356429.533,2246740.775
356372.806,2246879.186
356372.806,2247081.137
356826.621,2247620.043
356684.804,2247932.041
356741.531,2248045.495
356741.531,2248244.04
356599.713,2248299.536
356571.35,2248697.855
356457.896,2248768.962
356457.896,2249066.58
356656.44,2249094.896
356656.44,2249378.579
356713.167,2249548.76
356996.802,2249804.031
357138.62,2249832.394
357252.074,2249832.394
357328.072,2249930.937
357337.164,2250157.344
357308.8,2250342.937
357110.256,2250541.481
356968.439,2250541.481
356940.075,2250654.935
357365.527,2251080.387
357393.891,2251080.388
357393.891,2251146.449
357337.164,2251364.022
357478.981,2251590.93
357790.98,2251846.202
358046.251,2251961.364
358244.795,2252101.473
358343.11,2252129.836
358528.43,2252044.746
358698.611,2252186.563
358812.065,2252583.652
358868.792,2252926.454
358953.882,2252980.741
359038.973,2253206.438
358925.519,2253421.061
358925.519,2253633.101
359007.529,2253933.807
358974.79,2254115.28
359038.973,2254170.304
358982.246,2254540.732
359124.063,2254706.138
359209.154,2254881.094
359073.286,2255221.456
359350.971,2255278.183
359492.788,2255505.09
359634.606,2255561.817
359634.606,2255533.454
359804.787,2255476.727
360116.785,2255136.365
360173.512,2255108.002
360343.693,2255136.365
360483.748,2255363.273
360712.418,2255389.012
360769.145,2255505.09
361081.143,2255476.727
361137.87,2255278.183
361459.626,2254909.457
361594.818,2254852.73
361761.867,2254909.457
361875.321,2254852.73
361875.321,2254817.858
361705.14,2254455.642
362414.227,2254311.849
362527.681,2254200.37
362527.681,2254043.535
362697.862,2253888.372
362726.225,2253803.282
362726.225,2253591.441
362641.135,2253349.466
362689.913,2253321.103
362896.406,2253321.103
363009.86,2253377.829
362981.497,2253491.283
362953.133,2253803.282
363406.949,2254172.007
363492.039,2254200.37
363633.856,2254143.643
363889.128,2254115.28
364116.036,2254058.553
364257.853,2254115.28
364541.488,2254540.732
364740.032,2254682.55
364740.032,2254710.913
364768.396,2254710.913
364740.032,2254937.821
365080.394,2254966.184
365222.211,2255022.911
365222.211,2255136.365
365505.846,2255221.456
365562.573,2255363.273
365676.027,2255505.09
365619.3,2255845.452
365676.027,2255905.838
365477.483,2256271.96
365477.483,2256469.449
365619.3,2256696.357
365732.754,2256777.395
365817.844,2256838.174
366073.116,2256894.901
366073.116,2256951.628
366044.752,2256951.628
366044.752,2257036.718
366413.478,2257036.718
366612.022,2257008.355
366725.476,2257036.718
367147.752,2257291.99
367434.563,2257291.99
367491.29,2257320.353
367689.834,2257320.353
367718.198,2257206.899
367945.106,2257178.536
368058.559,2257093.445
368086.923,2256951.628
368435.861,2256951.628
368682.556,2256838.174
368710.92,2256611.266
368966.191,2256554.539
369079.645,2256355.995
369273.41,2256299.268
369533.46,2256327.631
369845.459,2256554.539
370129.094,2256469.449
370611.273,2256270.904
370668,2256299.268
370639.636,2256469.449
370979.998,2256582.903
371008.361,2256554.539
370979.998,2256270.904
371150.179,2256098.692
371177.407,2255817.089
371405.45,2255873.816
371473.211,2255958.906
371802.539,2255958.906
371859.266,2256157.451
372029.447,2256242.541
372142.901,2256412.722
372341.445,2256412.722
372341.445,2256476.941
372142.901,2256724.72
372199.628,2256781.447
372227.991,2256809.81
372511.626,2256894.901
372568.353,2256979.991
372710.17,2256979.991
372880.351,2257036.718
372937.078,2257206.899
372880.351,2257377.08
373022.169,2257433.807
373078.895,2257830.896
372993.805,2257972.713
372993.805,2258097.812
372880.351,2258483.256
372738.534,2258596.71
372653.443,2258710.164
372511.626,2258937.072
372483.262,2259050.525
372454.899,2259078.889
372423.768,2259078.889
372156.74,2258969.611
371948.308,2258865.042
371826.212,2258955.315
371802.539,2259249.07
371830.902,2259334.16
372026.219,2259419.251
372227.991,2259598.094
372284.718,2259790.402
372284.718,2259929.793
372341.445,2260014.884
372341.445,2260098.642
372313.081,2260156.701
372039.858,2260156.701
371972.72,2260128.338
371830.902,2260128.338
371717.448,2260270.155
371490.541,2260411.973
371490.541,2260497.063
371348.723,2260667.244
371263.633,2260667.244
371178.542,2260638.88
371090.589,2260553.79
370927.044,2260667.244
370497.819,2260582.153
370222.324,2260894.152
369930.549,2260894.152
369817.095,2260865.788
369817.095,2260809.061
369760.368,2260752.334
369703.641,2260780.698
369675.278,2260807.866
369675.278,2261234.513
369646.914,2261319.604
369561.824,2261347.967
369505.097,2261425.71
369505.097,2261745.056
369561.824,2261801.783
369636.679,2261858.51
369662.989,2261858.51
369930.549,2262085.418
370090.873,2262196.137
370270.911,2262397.416
370412.728,2262709.414
370526.182,2262872.8
370526.182,2262936.322
370469.455,2263020.1
370469.455,2263078.14
370412.728,2263110.117
370412.728,2263172.856
370469.455,2263248.32
370550.487,2263248.32
370668,2263276.684
370781.454,2263333.411
370866.544,2263418.501
371085.133,2263475.228
371121.815,2263541.107
371065.088,2263617.046
371065.088,2263666.585
371121.815,2263787.227
371206.906,2263869.805
371235.269,2263957.408
371291.996,2264014.135
371348.723,2264042.498
371348.723,2264150.767
371405.45,2264212.679
371486.118,2264241.042
371548.857,2264241.042
371774.175,2264188.956
371933.125,2264064.96
371979.379,2263946.841
372534.909,2264074.452
372694.883,2265278.957
372795.261,2265432.309
373305.803,2265719.827
373390.894,2265801.034
373527.454,2265801.034
374185.071,2265914.488
374241.798,2265886.124
374251.176,2265663.929
374298.525,2265574.126
374577.032,2265460.662
374865.782,2265381.807
375378.248,2265275.302
375790.635,2265159.433
375981.772,2265294.735
376170.515,2265489.035
376255.605,2265489.035
376401.382,2265318.855
376743.951,2265216.81
376631.658,2264854.652
376788.05,2264710.318
377390.144,2264467.95
377513.814,2264524.677
377617.052,2264595.536
377454.703,2265135.974
377787.233,2265489.035
377971.058,2265616.134
378109.772,2265744.307
378467.957,2265942.851
378893.409,2265886.124
378884.136,2265687.58
379163.641,2265659.216
379230.823,2265708.293
379347.224,2265643.483
379290.498,2265504.282
379375.588,2265328.653
379589.548,2265099.144
379715.95,2265205.401
379772.677,2265205.401
379971.221,2265006.856
380113.039,2265063.583
380131.887,2264794.794
380226.492,2264703.212
380225.303,2264581.404
380283.219,2264581.404
380339.946,2264524.677
380368.31,2264463.814
380368.31,2264269.406
380396.673,2264184.315
380462.136,2264155.952
380623.581,2264212.679
380680.308,2264127.588
380565.917,2263985.771
380566.854,2263815.59
380656.392,2263815.59
380680.308,2263617.046
380623.581,2263541.762
380680.308,2263418.501
380754.851,2263361.774
380887.903,2263305.048
380935.579,2263267.674
380935.579,2263191.594
381020.67,2263191.594
381068.854,2263219.957
381162.487,2263219.957
381304.305,2263276.684
381332.668,2263333.411
381389.395,2263361.774
381446.122,2263361.774
381502.849,2263333.411
381531.213,2263276.684
381587.94,2263219.957
381707.505,2263163.23
381758.12,2263163.23
381786.484,2263219.957
381832.574,2263248.321
381899.938,2263248.321
381956.665,2263310.251
381956.665,2263360.811
382098.482,2263673.773
382183.573,2263758.863
382240.299,2263850.443
382268.663,2263991.478
382353.753,2264070.861
382438.844,2264184.315
382467.207,2264326.133
382552.298,2264382.86
382580.661,2264496.314
382722.479,2264496.314
382761.278,2264467.95
382835.933,2264496.314
382912.958,2264496.314
382949.387,2264524.677
382977.75,2264609.768
383006.113,2264609.768
383006.114,2264582.23
383061.976,2264553.041
383119.567,2264467.95
383233.021,2264496.314
383346.475,2264609.768
383431.566,2264666.495
383630.11,2264609.768
383686.837,2264496.314
383800.291,2264439.587
383800.291,2264297.769
383743.564,2264236.295
383743.564,2264159.124
383771.927,2264099.225
383828.654,2264014.135
383913.745,2263957.408
384003.986,2263929.044
384083.926,2263929.044
384112.289,2263872.317
384112.289,2263815.59
384140.653,2263730.5
384219.376,2263730.5
384254.107,2263710.411
384271.763,2263648.499
384320.976,2263617.046
384424.288,2263600.873
384498.776,2263560.319
384549.576,2263560.319
384597.201,2263617.046
384692.452,2263673.773
384821.376,2263791.374
384821.376,2263899.324
384768.652,2263948.537
384757.539,2263994.574
384821.376,2264172.375
386200.15,2266708.665
386182.823,2266745.693
386198.033,2266822.119
386609.725,2267077.39
386681.692,2267077.39
386795.326,2267049.027
386870.391,2267070.115
386964.268,2266992.3
386977.001,2266920.685
386902.884,2266793.756
386962.151,2266737.029
387048.935,2266765.392
387149.477,2266924.552
387175.545,2266895.452
387203.909,2266793.756
387506.825,2266651.938
387572.634,2266672.668
388593.719,2266608.11
389090.314,2266556.083
